{"uid": "03d90298fdaa47dc83f00b71edabbce5", "filename": "52000_20000_1552_1254_jpg.rf.ff2c259dad04684377f11117fa5f2072.jpg", "timestamp": "2026-05-19 12:25:30", "counts": {"Dead": 0, "Healthy": 38, "Small": 61, "Yellow": 0}, "avg_conf": {"Dead": 0, "Healthy": 0.8571622677539524, "Small": 0.8513343446567411, "Yellow": 0}, "total": 99}