{"uid": "04a2a1744af348139d0a4b5aeb6c6c0e", "filename": "52000_20000_387_1365_jpg.rf.6a01b9c2def2ca0ac180546d3418fdc9.jpg", "timestamp": "2026-05-19 12:16:21", "counts": {"Dead": 0, "Healthy": 30, "Small": 53, "Yellow": 0}, "avg_conf": {"Dead": 0, "Healthy": 0.7420193453629812, "Small": 0.8515834628411059, "Yellow": 0}, "total": 83}