{"uid": "1b5fa78265514644961f329ba55a5ab6", "filename": "52000_20000_1529_3318_jpg.rf.f0a301ea67e187528ef1a2e3bc6fa9fd.jpg", "timestamp": "2026-05-19 12:09:23", "counts": {"Dead": 0, "Healthy": 41, "Small": 26, "Yellow": 0}, "avg_conf": {"Dead": 0, "Healthy": 0.8018057033783053, "Small": 0.803427687058082, "Yellow": 0}, "total": 67}