{"uid": "1feeafb038274ad19ac175e7c6da0a82", "filename": "52000_20000_3914_2961_jpg.rf.9bcaf8cf68726daf5a1762c6bc5fe411.jpg", "timestamp": "2026-05-19 11:03:02", "counts": {"Dead": 0, "Healthy": 78, "Small": 10, "Yellow": 0}, "avg_conf": {"Dead": 0, "Healthy": 0.8489072655255978, "Small": 0.8468082070350647, "Yellow": 0}, "total": 88}