{"uid": "221d8e74313447529d4f884acdbde72e", "filename": "52000_20000_1914_2110_jpg.rf.015cfa3e17d58211e4e7fc51938ae89f.jpg", "timestamp": "2026-05-19 12:08:04", "counts": {"Dead": 0, "Healthy": 2, "Small": 98, "Yellow": 0}, "avg_conf": {"Dead": 0, "Healthy": 0.9123399555683136, "Small": 0.8210144182857202, "Yellow": 0}, "total": 100}