{"uid": "37d387492766459780b091037f49d478", "filename": "52000_20000_1400_3744_jpg.rf.d7374f41ee4067bbbc755fee08860c92.jpg", "timestamp": "2026-05-19 12:06:36", "counts": {"Dead": 1, "Healthy": 66, "Small": 2, "Yellow": 0}, "avg_conf": {"Dead": 0.9099865555763245, "Healthy": 0.875438136584831, "Small": 0.9409556090831757, "Yellow": 0}, "total": 69}