{"uid": "47a8bcaa7cde4d5a9baaa1915c732417", "filename": "52000_20000_392_16_jpg.rf.48a494b14a28f28084e50515055f0c73.jpg", "timestamp": "2026-05-19 11:58:56", "counts": {"Dead": 0, "Healthy": 96, "Small": 0, "Yellow": 1}, "avg_conf": {"Dead": 0, "Healthy": 0.8000558217366537, "Small": 0, "Yellow": 0.8929982781410217}, "total": 97}