{"uid": "5b85264f7adb4e0697d69d4550863042", "filename": "52000_20000_2494_1505_jpg.rf.3475f9024e1a25dad9d770429a8d1915.jpg", "timestamp": "2026-05-19 12:00:27", "counts": {"Dead": 0, "Healthy": 14, "Small": 76, "Yellow": 0}, "avg_conf": {"Dead": 0, "Healthy": 0.8952726210866656, "Small": 0.8262699042495928, "Yellow": 0}, "total": 90}