{"uid": "b42958ede3d34a4dbd897303055cf20b", "filename": "44000_4000_2765_59_jpg.rf.300a8db1623ea87308fe1e0945b3ae24.jpg", "timestamp": "2026-05-14 17:02:40", "counts": {"Dead": 0, "Healthy": 82, "Small": 3, "Yellow": 1}, "avg_conf": {"Dead": 0, "Healthy": 0.8427501120945302, "Small": 0.9131308197975159, "Yellow": 0.9215072989463806}, "total": 86}