{"uid": "dd3ffe24e8c84c2bbd7891fa202e6a22", "filename": "44000_4000_1850_2740.jpg", "timestamp": "2026-05-19 12:29:07", "counts": {"Dead": 1, "Healthy": 68, "Small": 5, "Yellow": 1}, "avg_conf": {"Dead": 0.9152663350105286, "Healthy": 0.8273516420055839, "Small": 0.921675169467926, "Yellow": 0.9392271637916565}, "total": 75}