{"uid": "f0cf26dbce2e4dbda652172ab5b0e402", "filename": "52000_20000_1632_1106_jpg.rf.2e85f243a6e9b9fc026d0d6b71b5a8b4.jpg", "timestamp": "2026-05-19 12:07:47", "counts": {"Dead": 0, "Healthy": 46, "Small": 56, "Yellow": 0}, "avg_conf": {"Dead": 0, "Healthy": 0.8351261764764786, "Small": 0.799276992146458, "Yellow": 0}, "total": 102}